{
  "service-worker.js.map": 1762676749124,
  "service-worker.js": 1762675809071,
  "controller/View1.controller.js": 1762660649084,
  "controller/App.controller.js": 1762324206343,
  "model/models.js": 1762324206342,
  "manifest.json": 1762326500205,
  "Component.js": 1762324206336,
  "Component-dbg.js": 1762324206336,
  "Component.js.map": 1762676749107,
  "controller/View1-dbg.controller.js": 1762660649084,
  "controller/View1.controller.js.map": 1762676749119,
  "controller/App-dbg.controller.js": 1762324206343,
  "controller/App.controller.js.map": 1762676749105,
  "model/models-dbg.js": 1762324206342,
  "model/models.js.map": 1762676749107,
  "service-worker-dbg.js": 1762675809071,
  "i18n/i18n.properties": 1762324206338,
  "Component-preload.js": 1762676749288,
  "Component-preload.js.map": 1762676749288,
  "view/View1.view.xml": 1762335096029,
  "view/App.view.xml": 1762324206345,
  "icons/icon-512.png": 1762676070022,
  "icons/icon-512(1).png": 1762329639921,
  "icons/icon-192.png": 1762676650726,
  "icons/icon-192(1).png": 1762329782299,
  "css/style.css": 1762324206344,
  "manifest.webmanifest": 1762329888036,
  "index.html": 1762662462554
}